mood,job,need_size,event,response
careful,regional print shop owner,large,museum opening,"Please place this order for 2440 units of Poster paper, 1879 units of Glossy paper, and 2607 units of Flyers for our upcoming event. We need delivery by December 3, 2026."
upbeat,healthcare office administrator,small,conference,"Could you prepare a quote for 333 units of Envelopes, and 361 units of Invitation cards for our upcoming event. We need delivery by August 24, 2026."
careful,community college events lead,medium,community fundraiser,"Please place this order for 51 units of Rolls of banner paper (36-inch width) for our upcoming event. We need delivery by September 14, 2026. This is a rush request, so please flag any supplier delay."
excited,regional print shop owner,medium,conference,"Could you prepare a quote for 185 units of 100 lb cover stock for our upcoming event. We need delivery by September 5, 2026. This is a rush request, so please flag any supplier delay."
focused,independent wedding planner,large,public information campaign,"Please place this order for 8738 units of Paper plates, 12983 units of Paper cups, and 843 units of Table covers for our upcoming event. We need delivery by November 5, 2026."
upbeat,small business operations manager,small,conference,"Could you prepare a quote for 57 units of A4 paper, and 63 units of Colored paper for our upcoming event. We need delivery by August 21, 2026."
under pressure,healthcare office administrator,medium,holiday market,"Please place this order for 173 units of Large poster paper (24x36 inches), and 276 units of Uncoated paper for our upcoming event. We need delivery by October 3, 2026. This is a rush request, so please flag any supplier delay."
under pressure,healthcare office administrator,medium,product launch,"Please place this order for 236 units of Sticky notes, and 86 units of Notepads for our upcoming event. We need delivery by September 10, 2026."
focused,healthcare office administrator,large,product launch,"Please place this order for 1685 units of Poster paper, 1564 units of Glossy paper, and 10490 units of Flyers for our upcoming event. We need delivery by September 25, 2026."
under pressure,community college events lead,small,museum opening,"Could you prepare a quote for 405 units of Sticky notes, and 98 units of Notepads for our upcoming event. We need delivery by November 3, 2026."
upbeat,community college events lead,medium,community fundraiser,"Please place this order for 582 units of 100 lb cover stock for our upcoming event. We need delivery by September 7, 2026. This is a rush request, so please flag any supplier delay."
careful,regional print shop owner,medium,museum opening,"Could you prepare a quote for 659 units of Paper cups, and 358 units of Paper napkins for our upcoming event. We need delivery by November 9, 2026. This is a rush request, so please flag any supplier delay."
upbeat,regional print shop owner,large,public information campaign,"Please place this order for 3258 units of A4 paper, 5684 units of Letter-sized paper, and 1349 units of Cardstock for our upcoming event. We need delivery by October 27, 2026."
focused,community college events lead,small,product launch,"Could you prepare a quote for 198 units of Glossy paper, and 159 units of Presentation folders for our upcoming event. We need delivery by October 20, 2026."
under pressure,small business operations manager,medium,conference,"Please place this order for 383 units of 250 gsm cardstock, and 363 units of Photo paper for our upcoming event. We need delivery by November 17, 2026. This is a rush request, so please flag any supplier delay."
excited,community college events lead,medium,public information campaign,"Could you prepare a quote for 409 units of Sticky notes, and 91 units of Notepads for our upcoming event. We need delivery by September 1, 2026. This is a rush request, so please flag any supplier delay."
upbeat,regional print shop owner,large,product launch,"Please place this order for 10424 units of Paper plates, 11436 units of Paper cups, and 1841 units of Table covers for our upcoming event. We need delivery by September 4, 2026."
under pressure,community college events lead,small,holiday market,"Could you prepare a quote for 261 units of Sticky notes, and 54 units of Notepads for our upcoming event. We need delivery by October 24, 2026."
careful,community college events lead,medium,product launch,"Please place this order for 349 units of 100 lb cover stock for our upcoming event. We need delivery by September 27, 2026. This is a rush request, so please flag any supplier delay."
careful,regional print shop owner,medium,museum opening,"Could you prepare a quote for 79 units of A4 paper, and 54 units of Colored paper for our upcoming event. We need delivery by September 5, 2026. This is a rush request, so please flag any supplier delay."
excited,municipal communications director,large,holiday market,"Please place this order for 4082 units of Construction paper, 6167 units of Colored paper, and 3161 units of Paper party bags for our upcoming event. We need delivery by November 27, 2026."
careful,regional print shop owner,small,museum opening,"Could you prepare a quote for 174 units of A4 paper, and 71 units of Colored paper for our upcoming event. We need delivery by October 29, 2026."
last-minute,regional print shop owner,medium,wedding season,"Please place this order for 33 units of Rolls of banner paper (36-inch width) for our upcoming event. We need delivery by December 5, 2026. This is a rush request, so please flag any supplier delay."
under pressure,healthcare office administrator,medium,museum opening,"Could you prepare a quote for 606 units of 250 gsm cardstock, and 261 units of Photo paper for our upcoming event. We need delivery by November 2, 2026. This is a rush request, so please flag any supplier delay."
careful,museum exhibit coordinator,large,community fundraiser,"Please place this order for 1601 units of Poster paper, 2659 units of Glossy paper, and 7983 units of Flyers for our upcoming event. We need delivery by November 26, 2026."
focused,healthcare office administrator,small,community fundraiser,"Could you prepare a quote for 93 units of Sticky notes, and 69 units of Notepads for our upcoming event. We need delivery by October 30, 2026."
focused,municipal communications director,medium,conference,"Please place this order for 66 units of Rolls of banner paper (36-inch width) for our upcoming event. We need delivery by December 10, 2026. This is a rush request, so please flag any supplier delay."
focused,regional print shop owner,medium,holiday market,"Could you prepare a quote for 119 units of Glossy paper, and 95 units of Presentation folders for our upcoming event. We need delivery by September 26, 2026. This is a rush request, so please flag any supplier delay."
excited,municipal communications director,large,holiday market,"Please place this order for 1048 units of Poster paper, 1474 units of Glossy paper, and 5089 units of Flyers for our upcoming event. We need delivery by September 5, 2026."
last-minute,healthcare office administrator,small,community fundraiser,"Could you prepare a quote for 1113 units of Paper cups, and 701 units of Paper napkins for our upcoming event. We need delivery by September 26, 2026."
focused,regional print shop owner,medium,community fundraiser,"Please place this order for 134 units of 250 gsm cardstock, and 394 units of Photo paper for our upcoming event. We need delivery by August 10, 2026. This is a rush request, so please flag any supplier delay."
focused,museum exhibit coordinator,medium,community fundraiser,"Please place this order for 123 units of Large poster paper (24x36 inches), and 283 units of Uncoated paper for our upcoming event. We need delivery by September 12, 2026. This is a rush request, so please flag any supplier delay."
